{
  "cameras": {
    "cam0": {
      "model": "standard",
      "image_size": [
        3840,
        2160
      ],
      "K": [
        [
          1861.0063906044718,
          0.0,
          1906.693323771704
        ],
        [
          0.0,
          1861.8650987889348,
          1105.139304795839
        ],
        [
          0.0,
          0.0,
          1.0
        ]
      ],
      "dist": [
        [
          0.08111137567982786,
          0.006983696954311497,
          0.001415746508210579,
          -0.00014998993272346628,
          -0.10536664747710088
        ]
      ]
    },
    "cam1": {
      "model": "standard",
      "image_size": [
        3840,
        2160
      ],
      "K": [
        [
          1852.4535839611226,
          0.0,
          1926.0656044885134
        ],
        [
          0.0,
          1855.916451294381,
          1103.1988707613068
        ],
        [
          0.0,
          0.0,
          1.0
        ]
      ],
      "dist": [
        [
          0.07993178241778146,
          0.038099059334205855,
          0.0008217376948146999,
          0.0013928972484626699,
          -0.178719371546556
        ]
      ]
    },
    "cam2": {
      "model": "standard",
      "image_size": [
        3840,
        2160
      ],
      "K": [
        [
          1851.761001011507,
          0.0,
          1920.0225198473036
        ],
        [
          0.0,
          1859.3495578302775,
          1105.465732006505
        ],
        [
          0.0,
          0.0,
          1.0
        ]
      ],
      "dist": [
        [
          0.09520530644859217,
          -0.06450969549573482,
          0.0001744715180946597,
          0.0003444236128856757,
          -0.010059628196311753
        ]
      ]
    },
    "cam3": {
      "model": "standard",
      "image_size": [
        3840,
        2160
      ],
      "K": [
        [
          1853.08000805893,
          0.0,
          1927.316572818571
        ],
        [
          0.0,
          1859.74182907203,
          1105.861595656162
        ],
        [
          0.0,
          0.0,
          1.0
        ]
      ],
      "dist": [
        [
          0.07032992954334942,
          0.0970910599932512,
          0.0005713032954622608,
          0.0004915297393814773,
          -0.2963408940126187
        ]
      ]
    }
  },
  "camera_poses": {
    "cam0": {
      "R": [
        [
          1.0,
          0.0,
          0.0
        ],
        [
          0.0,
          1.0,
          0.0
        ],
        [
          0.0,
          0.0,
          1.0
        ]
      ],
      "T": [
        0.0,
        0.0,
        0.0
      ]
    },
    "cam1_to_cam0": {
      "R": [
        [
          -0.28556099367962057,
          0.805424908298901,
          -0.5193704227046575
        ],
        [
          -0.7509984035082964,
          0.14860338180669716,
          0.6433649297588447
        ],
        [
          0.5953623407780323,
          0.5737662869211819,
          0.5624374909054183
        ]
      ],
      "T": [
        0.4244759881875329,
        -0.6203048021932811,
        0.43674982694033804
      ]
    },
    "cam2_to_cam0": {
      "R": [
        [
          -0.996967356058074,
          -0.02552256698891768,
          0.07351659356138632
        ],
        [
          0.07768078037746898,
          -0.2697198286676539,
          0.9598004534190631
        ],
        [
          -0.004667688348774936,
          0.9626005467470854,
          0.270884477384163
        ]
      ],
      "T": [
        -0.12208913206798527,
        -0.8650914294936781,
        0.6935282291973095
      ]
    },
    "cam3_to_cam0": {
      "R": [
        [
          0.11115562101741693,
          -0.7909419240764355,
          0.601710312903559
        ],
        [
          0.7676149282758811,
          0.45288124425349147,
          0.45350402477974083
        ],
        [
          -0.631198661123617,
          0.4114722971740332,
          0.6574791242724576
        ]
      ],
      "T": [
        -0.5448188553355424,
        -0.3662003758421814,
        0.3234303389629657
      ]
    }
  },
  "image_sets": {
    "rgb": [
      {
        "cam0": "./cam0/0.png",
        "cam1": "./cam1/0.png",
        "cam2": "./cam2/0.png",
        "cam3": "./cam3/0.png"
      },
      {
        "cam0": "./cam0/1.png",
        "cam1": "./cam1/1.png",
        "cam2": "./cam2/1.png",
        "cam3": "./cam3/1.png"
      },
      {
        "cam0": "./cam0/2.png",
        "cam1": "./cam1/2.png",
        "cam2": "./cam2/2.png",
        "cam3": "./cam3/2.png"
      },
      {
        "cam0": "./cam0/3.png",
        "cam1": "./cam1/3.png",
        "cam2": "./cam2/3.png",
        "cam3": "./cam3/3.png"
      },
      {
        "cam0": "./cam0/4.png",
        "cam1": "./cam1/4.png",
        "cam2": "./cam2/4.png",
        "cam3": "./cam3/4.png"
      },
      {
        "cam0": "./cam0/5.png",
        "cam1": "./cam1/5.png",
        "cam2": "./cam2/5.png",
        "cam3": "./cam3/5.png"
      },
      {
        "cam0": "./cam0/6.png",
        "cam1": "./cam1/6.png",
        "cam2": "./cam2/6.png",
        "cam3": "./cam3/6.png"
      },
      {
        "cam0": "./cam0/7.png",
        "cam1": "./cam1/7.png",
        "cam2": "./cam2/7.png",
        "cam3": "./cam3/7.png"
      },
      {
        "cam0": "./cam0/8.png",
        "cam1": "./cam1/8.png",
        "cam2": "./cam2/8.png",
        "cam3": "./cam3/8.png"
      },
      {
        "cam0": "./cam0/9.png",
        "cam1": "./cam1/9.png",
        "cam2": "./cam2/9.png",
        "cam3": "./cam3/9.png"
      },
      {
        "cam0": "./cam0/10.png",
        "cam1": "./cam1/10.png",
        "cam2": "./cam2/10.png",
        "cam3": "./cam3/10.png"
      },
      {
        "cam0": "./cam0/11.png",
        "cam1": "./cam1/11.png",
        "cam2": "./cam2/11.png",
        "cam3": "./cam3/11.png"
      },
      {
        "cam0": "./cam0/12.png",
        "cam1": "./cam1/12.png",
        "cam2": "./cam2/12.png",
        "cam3": "./cam3/12.png"
      },
      {
        "cam0": "./cam0/13.png",
        "cam1": "./cam1/13.png",
        "cam2": "./cam2/13.png",
        "cam3": "./cam3/13.png"
      },
      {
        "cam0": "./cam0/14.png",
        "cam1": "./cam1/14.png",
        "cam2": "./cam2/14.png",
        "cam3": "./cam3/14.png"
      },
      {
        "cam0": "./cam0/15.png",
        "cam1": "./cam1/15.png",
        "cam2": "./cam2/15.png",
        "cam3": "./cam3/15.png"
      },
      {
        "cam0": "./cam0/16.png",
        "cam1": "./cam1/16.png",
        "cam2": "./cam2/16.png",
        "cam3": "./cam3/16.png"
      },
      {
        "cam0": "./cam0/17.png",
        "cam1": "./cam1/17.png",
        "cam2": "./cam2/17.png",
        "cam3": "./cam3/17.png"
      },
      {
        "cam0": "./cam0/18.png",
        "cam1": "./cam1/18.png",
        "cam2": "./cam2/18.png",
        "cam3": "./cam3/18.png"
      },
      {
        "cam0": "./cam0/19.png",
        "cam1": "./cam1/19.png",
        "cam2": "./cam2/19.png",
        "cam3": "./cam3/19.png"
      }
    ]
  }
}