{
  "cameras": {
    "cam0": {
      "model": "standard",
      "image_size": [
        3840,
        2160
      ],
      "K": [
        [
          1866.8847710155312,
          0.0,
          1908.167002330909
        ],
        [
          0.0,
          1866.73131619707,
          1098.686201249667
        ],
        [
          0.0,
          0.0,
          1.0
        ]
      ],
      "dist": [
        [
          0.08735665136605704,
          -0.028538796392269684,
          0.001046420540915659,
          5.5342559574988464e-05,
          -0.051579210738414004
        ]
      ]
    },
    "cam1": {
      "model": "standard",
      "image_size": [
        3840,
        2160
      ],
      "K": [
        [
          1860.0279814261326,
          0.0,
          1923.5037858223925
        ],
        [
          0.0,
          1860.5291560235303,
          1091.5673078788384
        ],
        [
          0.0,
          0.0,
          1.0
        ]
      ],
      "dist": [
        [
          0.09019958492569333,
          -0.02579484440039422,
          3.0220454899823836e-05,
          0.0007047120780807773,
          -0.06383442758254945
        ]
      ]
    },
    "cam2": {
      "model": "standard",
      "image_size": [
        3840,
        2160
      ],
      "K": [
        [
          1861.8729074631567,
          0.0,
          1920.5935318780735
        ],
        [
          0.0,
          1863.3587885442641,
          1088.328473368967
        ],
        [
          0.0,
          0.0,
          1.0
        ]
      ],
      "dist": [
        [
          0.09846631435139463,
          -0.0892996177721075,
          -0.0005690590715894742,
          0.0004181296522551242,
          0.038501889109794886
        ]
      ]
    },
    "cam3": {
      "model": "standard",
      "image_size": [
        3840,
        2160
      ],
      "K": [
        [
          1861.8873207759939,
          0.0,
          1925.8695932779863
        ],
        [
          0.0,
          1855.7468468336365,
          1082.036633454132
        ],
        [
          0.0,
          0.0,
          1.0
        ]
      ],
      "dist": [
        [
          0.07840584017627161,
          0.038210781690248795,
          -0.0007119253394515236,
          6.38953071891389e-05,
          -0.177347836159512
        ]
      ]
    }
  },
  "camera_poses": {
    "cam0": {
      "R": [
        [
          1.0,
          0.0,
          0.0
        ],
        [
          -1.2037062152420224e-35,
          1.0,
          0.0
        ],
        [
          0.0,
          0.0,
          1.0
        ]
      ],
      "T": [
        0.0,
        0.0,
        0.0
      ]
    },
    "cam1_to_cam0": {
      "R": [
        [
          -0.28460677673988266,
          0.8048247673201189,
          -0.5208225000341775
        ],
        [
          -0.7486501193631867,
          0.15273859896303965,
          0.645130931799347
        ],
        [
          0.5987670510400689,
          0.5735224618922298,
          0.5590617177860198
        ]
      ],
      "T": [
        0.42591561411625944,
        -0.6186388607523776,
        0.4406325164514168
      ]
    },
    "cam2_to_cam0": {
      "R": [
        [
          -0.9969178002212958,
          -0.025074915368344445,
          0.07433806710699183
        ],
        [
          0.0783184939606814,
          -0.26258766437053727,
          0.961724457432667
        ],
        [
          -0.00459489996234586,
          0.9645822759825611,
          0.26374214633736404
        ]
      ],
      "T": [
        -0.12270239885646028,
        -0.8614881257665069,
        0.700583899091203
      ]
    },
    "cam3_to_cam0": {
      "R": [
        [
          0.09580430165078765,
          -0.7961205585120722,
          0.5975061439848389
        ],
        [
          0.7896010720386242,
          0.42628264407380617,
          0.44137654491023826
        ],
        [
          -0.6060954403562689,
          0.4295057201899307,
          0.6694573574944628
        ]
      ],
      "T": [
        -0.5382025046864004,
        -0.384271025357221,
        0.3129939007379416
      ]
    }
  },
  "image_sets": {
    "rgb": [
      {
        "cam0": "./cam0/0.png",
        "cam1": "./cam1/0.png",
        "cam2": "./cam2/0.png",
        "cam3": "./cam3/0.png"
      },
      {
        "cam0": "./cam0/1.png",
        "cam1": "./cam1/1.png",
        "cam2": "./cam2/1.png",
        "cam3": "./cam3/1.png"
      },
      {
        "cam0": "./cam0/2.png",
        "cam1": "./cam1/2.png",
        "cam2": "./cam2/2.png",
        "cam3": "./cam3/2.png"
      },
      {
        "cam0": "./cam0/3.png",
        "cam1": "./cam1/3.png",
        "cam2": "./cam2/3.png",
        "cam3": "./cam3/3.png"
      },
      {
        "cam0": "./cam0/4.png",
        "cam1": "./cam1/4.png",
        "cam2": "./cam2/4.png",
        "cam3": "./cam3/4.png"
      },
      {
        "cam0": "./cam0/5.png",
        "cam1": "./cam1/5.png",
        "cam2": "./cam2/5.png",
        "cam3": "./cam3/5.png"
      },
      {
        "cam0": "./cam0/6.png",
        "cam1": "./cam1/6.png",
        "cam2": "./cam2/6.png",
        "cam3": "./cam3/6.png"
      },
      {
        "cam0": "./cam0/7.png",
        "cam1": "./cam1/7.png",
        "cam2": "./cam2/7.png",
        "cam3": "./cam3/7.png"
      },
      {
        "cam0": "./cam0/8.png",
        "cam1": "./cam1/8.png",
        "cam2": "./cam2/8.png",
        "cam3": "./cam3/8.png"
      },
      {
        "cam0": "./cam0/9.png",
        "cam1": "./cam1/9.png",
        "cam2": "./cam2/9.png",
        "cam3": "./cam3/9.png"
      },
      {
        "cam0": "./cam0/10.png",
        "cam1": "./cam1/10.png",
        "cam2": "./cam2/10.png",
        "cam3": "./cam3/10.png"
      },
      {
        "cam0": "./cam0/11.png",
        "cam1": "./cam1/11.png",
        "cam2": "./cam2/11.png",
        "cam3": "./cam3/11.png"
      },
      {
        "cam0": "./cam0/12.png",
        "cam1": "./cam1/12.png",
        "cam2": "./cam2/12.png",
        "cam3": "./cam3/12.png"
      },
      {
        "cam0": "./cam0/13.png",
        "cam1": "./cam1/13.png",
        "cam2": "./cam2/13.png",
        "cam3": "./cam3/13.png"
      },
      {
        "cam0": "./cam0/14.png",
        "cam1": "./cam1/14.png",
        "cam2": "./cam2/14.png",
        "cam3": "./cam3/14.png"
      },
      {
        "cam0": "./cam0/15.png",
        "cam1": "./cam1/15.png",
        "cam2": "./cam2/15.png",
        "cam3": "./cam3/15.png"
      },
      {
        "cam0": "./cam0/16.png",
        "cam1": "./cam1/16.png",
        "cam2": "./cam2/16.png",
        "cam3": "./cam3/16.png"
      },
      {
        "cam0": "./cam0/17.png",
        "cam1": "./cam1/17.png",
        "cam2": "./cam2/17.png",
        "cam3": "./cam3/17.png"
      },
      {
        "cam0": "./cam0/18.png",
        "cam1": "./cam1/18.png",
        "cam2": "./cam2/18.png",
        "cam3": "./cam3/18.png"
      },
      {
        "cam0": "./cam0/19.png",
        "cam1": "./cam1/19.png",
        "cam2": "./cam2/19.png",
        "cam3": "./cam3/19.png"
      },
      {
        "cam0": "./cam0/20.png",
        "cam1": "./cam1/20.png",
        "cam2": "./cam2/20.png",
        "cam3": "./cam3/20.png"
      },
      {
        "cam0": "./cam0/21.png",
        "cam1": "./cam1/21.png",
        "cam2": "./cam2/21.png",
        "cam3": "./cam3/21.png"
      }
    ]
  }
}